{"cameraMode":{"drawMode":0,"name":"Shaded","section":"Shading Mode"},"sceneLighting":true,"audioPlay":false,"sceneViewState":{"m_AlwaysRefresh":false,"showFog":true,"showSkybox":true,"showFlares":true,"showImageEffects":true,"showParticleSystems":true,"showVisualEffectGraphs":true,"m_FxEnabled":true},"in2DMode":false,"pivot":{"x":-0.3346121311187744,"y":10.074821472167969,"z":2.688366413116455},"rotation":{"x":-0.0008280870388261974,"y":0.7248930335044861,"z":-0.6888350248336792,"w":-0.0008735003648325801},"size":12.12435531616211,"orthographic":false}